Site,Lat,Lon,1,2,3,4,5,6,7,8,9,10,11,12,13,14,15,16,17,18,19,20,21,22,23,24,Total
WBY,41.549748,-73.06588,3,0,0,0,0,5,1433,1850,1925,1728,1475,1172,869,654,685,677,612,15,0,0,0,0,0,1,13104
YFC,42.897228,-71.324072,12,2,1,0,0,0,1061,1084,1369,1427,1186,1150,905,870,904,856,742,653,461,340,43,0,0,0,13066
SFS,41.19982,-73.131565,1,0,0,0,0,7,1222,1757,1838,1882,1576,1184,741,731,718,725,549,24,0,1,0,0,0,0,12956
BPO,41.205306,-73.205584,5,0,0,0,0,14,1359,1479,1552,1695,1434,1153,869,607,636,676,646,422,5,0,0,0,0,0,12552
HBA,41.296774,-73.229944,2,0,0,0,0,11,722,1321,1449,1436,1248,990,655,504,474,553,426,265,8,0,0,0,0,0,10064
HAE,41.383586,-72.900031,21,2,0,4,0,1,160,1200,1532,1411,1220,1024,574,517,546,624,537,32,1,0,0,0,0,0,9406
MFO,41.217515,-73.065228,8,0,0,0,0,0,529,1403,1444,1394,1169,843,639,443,529,494,402,18,0,0,0,0,0,0,9315
SXH,41.287371,-73.114373,5,0,0,0,0,11,892,1243,1348,1355,1051,844,606,439,427,425,385,11,0,0,0,0,0,0,9042
GMA,42.261272,-71.802281,5867,7,8,38,337,649,478,105,147,118,208,183,117,127,137,65,34,8,5,2,7,9,5,1,8662
DRE,41.336415,-73.089909,4,0,0,0,0,0,39,1379,1473,1323,1095,809,492,463,416,456,359,11,0,0,0,0,0,0,8319
POS,41.142317,-73.255478,1,0,0,0,0,0,414,1128,1273,1253,1081,793,584,476,520,424,207,5,0,0,0,0,0,0,8159
FAF,41.181887,-73.252153,5,0,0,0,0,5,795,1095,1240,1276,954,654,514,394,295,235,180,21,0,0,0,0,0,0,7663
QPW,41.86695,-71.377378,1,0,0,0,0,0,351,1178,1266,1303,932,610,433,352,398,383,288,8,0,0,0,0,0,0,7503
VMG,42.09917,-71.061036,0,0,0,0,0,0,14,940,722,806,1008,889,597,481,463,529,417,332,150,2,0,0,0,0,7350
BRJ,41.28743,-72.814797,1,0,0,0,0,0,0,1113,1391,1170,922,736,462,342,456,495,7,1,0,0,0,0,0,0,7096
LCD,41.98959,-72.577155,1,0,0,0,0,12,954,1236,1189,1193,1024,591,284,468,45,0,0,0,0,0,0,0,0,0,6997
YBB,42.10042,-71.083124,355,24,25,21,219,1813,1629,781,403,256,178,202,196,159,114,95,104,57,62,59,32,20,29,7,6840
GMR,41.408738,-73.436439,10,0,0,0,0,0,800,826,914,864,777,607,411,339,307,320,386,9,0,0,0,0,0,0,6570
QBP,42.332148,-71.115551,3,0,1,1,0,0,0,177,635,763,944,828,633,478,638,743,620,82,9,0,0,0,0,0,6555
VMQ,42.188651,-71.203985,1,0,0,0,0,0,14,692,672,782,891,824,550,421,616,516,373,113,1,0,0,0,0,0,6466
MSM,41.285042,-72.602528,2,0,0,0,0,0,0,597,1231,1085,932,713,393,375,379,331,305,8,0,0,0,0,0,0,6351
EJS,41.816838,-72.735336,0,0,0,0,0,0,11,875,1036,1061,940,713,354,346,359,355,206,11,0,0,0,0,0,0,6267
EHV,41.277054,-72.869741,7,0,0,0,0,0,10,1071,1272,1102,851,716,374,342,347,168,3,1,0,0,0,0,0,0,6264
MRA,41.54084,-72.78771,1,0,0,0,0,0,4,986,1066,979,749,637,368,331,291,383,327,23,0,0,0,0,0,0,6145
IBD,41.486193,-72.905849,25,0,0,1,0,0,2,1086,988,972,848,649,339,353,322,337,48,0,0,0,0,0,0,0,5970
COH,42.239633,-70.830463,23,0,2,0,0,0,0,353,843,822,879,729,533,429,412,452,374,10,2,0,0,0,0,0,5863
ZWC,41.187944,-73.180739,0,0,0,0,0,0,2,587,845,967,885,778,543,309,359,465,17,0,0,0,0,0,0,0,5757
WEN,41.276932,-72.953102,5,0,0,0,0,0,0,522,1042,843,721,628,417,397,362,400,342,44,0,0,0,0,0,0,5723
YIN,41.119422,-73.418633,1,0,0,0,0,0,13,366,914,904,795,710,461,328,390,390,383,33,1,3,0,0,0,1,5693
JKT,41.244068,-73.194912,0,0,0,0,0,1,494,770,877,901,582,467,374,287,305,306,262,4,0,0,0,0,0,0,5630
MTK,41.774859,-72.520985,2,0,0,0,0,4,371,1010,981,862,645,513,266,269,320,245,41,3,0,0,0,0,0,0,5532
YFG,42.051412,-71.239396,0,1,0,1,1,1,21,752,654,848,809,617,386,405,354,322,285,31,0,0,0,0,0,0,5488
SLL,42.774858,-71.24981,6,0,0,0,2,0,245,693,927,789,667,545,350,265,351,309,253,13,0,0,0,0,0,0,5415
QAN,42.675889,-71.136078,53,0,0,0,0,14,492,663,871,786,748,527,336,274,312,274,15,0,0,0,0,0,0,0,5365
WEF,41.713384,-72.664143,14,0,0,1,0,0,36,881,931,882,701,533,314,274,274,264,241,7,0,0,0,0,0,1,5354
HJN,41.289193,-72.670766,1,0,0,0,0,0,396,851,794,798,656,476,299,334,327,347,60,4,0,0,0,0,0,1,5344
AVN,41.813351,-72.86569,0,0,0,0,0,0,22,916,869,767,672,564,290,284,312,312,263,16,0,0,0,0,0,0,5287
NOX,41.539485,-72.096605,1,5,8,13,0,1,548,958,863,689,597,449,292,274,244,266,17,0,0,0,0,0,0,0,5225
VMF,42.088898,-71.064811,0,0,0,0,0,0,10,448,552,758,672,662,412,372,403,458,347,5,0,0,0,0,0,0,5099
WLF,41.452694,-72.816234,5,0,0,0,0,0,0,607,1002,854,710,522,253,222,274,269,307,35,0,0,0,0,0,0,5060
JDU,41.223492,-73.218409,1,0,0,0,0,0,359,806,769,765,691,413,326,263,234,277,35,0,0,0,0,0,0,0,4939
VNN,41.827572,-72.487647,1,0,0,0,0,0,13,971,909,812,703,379,294,225,269,299,25,0,0,0,0,0,0,0,4900
HMA,41.376484,-72.905369,18,0,0,0,0,0,27,260,857,786,632,590,394,334,340,338,298,3,0,0,0,0,0,0,4877
FJN,41.69864,-72.724194,8,0,0,0,0,1,334,794,920,753,649,414,301,234,215,243,8,0,0,1,0,0,0,0,4875
SMV,41.061481,-73.541461,0,0,0,0,0,0,382,751,785,637,542,517,345,228,244,254,157,8,0,0,0,0,0,0,4850
BPH,41.471725,-73.223026,1,1,0,0,0,0,0,719,919,820,765,639,44,412,365,97,2,0,0,0,0,0,0,0,4784
LDO,42.856327,-71.356889,3,0,0,0,1,1,95,618,595,637,496,427,263,228,334,309,318,233,83,62,28,1,0,0,4732
ZGB,41.597865,-73.404919,0,0,0,0,0,0,0,454,696,676,653,500,345,262,254,261,234,195,79,1,0,0,2,1,4613
YFD,41.827402,-71.501492,0,0,0,0,0,0,143,634,908,830,606,427,237,214,190,198,155,3,0,0,0,0,0,0,4545
FOX,42.0529,-71.240146,1,0,0,0,0,0,17,798,711,693,622,466,289,245,267,319,30,0,0,0,0,0,0,0,4458
VLZ,42.348463,-71.150388,1,0,0,0,0,0,0,0,390,602,709,659,440,359,421,381,309,159,11,0,0,0,0,0,4441
OLB,41.289548,-72.3871,0,0,0,0,0,0,2,967,817,720,601,424,161,159,227,220,24,0,2,0,0,0,0,0,4324
IWI,41.826775,-72.555485,0,0,0,0,0,0,15,690,716,656,580,399,310,276,253,276,144,0,0,0,0,0,0,0,4315
IGT,41.286317,-73.494442,1,0,0,0,0,2,8,606,793,677,635,440,334,273,232,260,31,0,0,0,0,0,0,0,4292
IRX,41.541844,-72.999732,1,0,0,0,0,0,0,828,751,701,560,403,294,234,229,229,10,0,0,0,0,0,0,0,4240
NBI,41.659521,-72.785399,1,0,0,0,0,0,0,897,774,652,534,352,277,234,260,239,11,0,1,0,0,0,0,0,4232
NHO,41.348365,-72.861765,17,0,0,0,0,0,0,61,1034,837,603,541,239,238,226,213,185,2,0,0,0,0,1,0,4197
BRS,41.694412,-72.912227,7,1,0,0,2,5,3,487,843,715,566,491,249,252,244,298,7,1,0,1,3,0,0,0,4175
NEX,41.310668,-72.945321,1,0,0,0,0,0,0,11,772,634,592,453,364,284,326,366,252,2,0,0,0,0,0,0,4057
YFH,42.588236,-72.573576,0,0,0,0,0,0,0,23,949,598,557,471,369,293,374,349,48,1,0,0,0,0,0,0,4032
GBV,41.761569,-72.743386,2,0,0,0,0,0,18,575,813,692,564,442,254,171,178,198,14,2,0,0,0,0,0,0,3923
YWL,41.821048,-73.076937,3,0,0,0,0,0,1,550,783,689,620,450,28,360,257,140,0,0,0,0,0,0,0,0,3881
HAF,41.769607,-72.701755,19,0,0,0,1,0,0,226,743,667,577,440,267,223,238,198,204,38,1,0,0,0,0,0,3842
GLA,41.712467,-72.604354,0,0,0,0,0,11,381,598,634,582,473,333,217,188,213,167,22,0,0,0,0,0,0,0,3819
EWA,42.992716,-71.472967,10,2,0,0,0,1,532,761,701,556,468,335,20,213,163,9,0,0,0,0,0,0,0,0,3771
IC7,42.597852,-71.806417,2289,0,0,0,0,0,0,0,6,20,29,29,54,209,146,74,27,121,245,266,192,18,0,0,3725
BPG,41.18673,-73.163806,0,0,0,0,0,0,2,461,800,773,642,486,308,218,13,0,1,0,0,0,0,0,0,0,3704
MNF,41.77176,-72.204399,3,0,0,0,0,0,13,860,708,661,520,327,115,161,248,18,0,0,0,0,0,0,0,0,3634
WHN,41.272131,-72.951268,0,0,0,0,0,0,1,696,763,708,550,425,8,212,175,9,17,1,0,0,0,0,0,0,3565
WYM,42.173208,-70.952701,0,1,0,1,0,0,0,402,571,506,516,455,25,395,335,270,26,1,0,0,0,0,0,0,3504
PST,41.525473,-72.997634,0,0,0,0,0,0,2,708,707,632,528,419,9,270,219,3,1,0,0,0,0,0,0,0,3498
YTS,42.901728,-71.31919,2,1,0,0,0,0,357,419,574,537,473,332,199,172,202,178,12,0,0,0,0,0,0,0,3458
YFA,41.652491,-70.288112,0,0,0,0,0,0,199,494,625,568,404,338,221,176,167,141,111,3,0,0,0,0,0,0,3447
KUQ,41.412708,-73.37898,2,3,0,0,0,0,4,751,619,590,464,386,23,291,254,23,0,0,0,0,0,0,0,0,3410
YFB,42.170123,-71.194131,4,0,0,0,0,0,2,590,532,537,474,368,271,224,203,195,5,0,0,0,0,0,0,0,3405
FZM,42.747924,-71.127156,0,0,0,0,4,21,8,478,582,604,463,379,197,199,221,204,1,2,1,0,0,0,0,0,3364
VNJ,42.349455,-71.142682,0,0,0,0,0,0,0,2,308,386,491,486,329,200,342,385,299,113,0,0,0,0,0,0,3341
XIF,41.928659,-70.015735,2,1,0,0,0,0,1,13,409,416,384,368,230,365,277,297,240,165,143,11,0,0,0,0,3322
FJR,41.54212,-72.625733,1,0,0,0,0,0,1,675,592,551,437,308,189,171,140,186,5,0,0,0,0,0,0,0,3256
UB8,42.534799,-71.756508,22,0,1,0,0,0,0,83,540,488,390,313,159,127,234,296,503,85,0,0,0,0,0,0,3241
YXQ,41.264167,-73.000613,1,0,0,0,0,0,0,638,565,577,470,380,184,156,223,11,0,0,0,0,0,0,0,0,3205
EHT,41.769399,-72.654839,0,0,0,0,0,0,10,526,645,576,454,350,196,167,138,138,2,0,0,0,0,0,0,0,3202
HC5,42.269357,-72.200446,0,0,0,0,0,0,0,125,620,596,418,349,226,167,188,213,176,78,2,0,0,0,0,0,3158
WIK,41.921599,-72.66682,11,1,0,0,0,0,1,722,601,515,384,361,17,206,261,16,0,0,0,0,0,0,0,0,3096
NOL,41.109909,-73.40967,0,0,0,0,0,0,3,10,519,501,399,333,243,276,270,309,201,1,0,0,0,0,0,0,3065
QOR,41.779085,-70.001788,1,1,0,0,0,0,327,518,475,450,421,330,40,271,173,10,1,0,0,0,0,0,0,0,3018
WGF,41.480372,-72.807531,1,0,0,0,0,0,1,647,577,530,418,301,114,146,214,47,3,0,0,0,0,0,0,0,2999
MUD,41.379089,-72.913723,1,0,0,0,0,0,11,8,127,454,404,418,197,214,322,323,351,131,23,0,0,0,0,0,2984
JNX,42.75082,-71.460627,0,3,3,0,0,0,40,645,507,510,377,261,32,294,239,39,2,0,1,0,0,0,0,1,2954
WRZ,42.253079,-71.77411,0,0,0,0,0,0,0,169,203,313,372,402,315,199,265,358,300,52,0,0,0,0,0,0,2948
QQU,42.235088,-71.016021,1,0,0,0,0,0,0,60,464,458,435,405,277,50,364,327,11,0,0,0,0,0,0,0,2852
MRB,41.630403,-72.459338,1,0,0,0,1,2,355,498,534,506,458,302,159,4,0,1,0,2,0,0,0,0,0,0,2823
VMS,41.923124,-71.357051,1,0,0,0,0,0,0,8,626,539,405,312,50,231,219,209,154,65,1,1,0,0,0,0,2821
KNL,42.695892,-71.119878,0,0,0,0,0,0,0,5,413,554,472,375,114,166,299,198,199,1,0,0,0,0,0,0,2796
WWD,41.701333,-71.470125,0,0,0,0,0,0,18,554,527,497,417,279,26,223,159,61,0,0,0,0,0,0,0,0,2761
VLY,42.349154,-71.146767,0,0,0,0,0,0,0,0,161,286,397,436,247,324,314,268,242,30,0,0,0,0,0,0,2705
NHA,41.30429,-72.928968,45,0,1,0,0,0,0,14,497,352,369,312,177,250,230,226,201,12,0,0,0,0,0,0,2686
OSV,41.627258,-70.383199,0,0,7,3,0,0,305,481,463,465,391,294,34,203,19,0,1,0,0,0,0,0,0,0,2666
QRA,41.83696,-71.410499,0,0,0,0,0,0,3,313,327,414,372,289,139,245,215,195,142,5,0,0,0,0,0,0,2659
QCN,43.198165,-71.567146,13,1,0,0,0,1,1,576,518,423,320,262,131,166,185,4,0,0,0,0,0,0,0,0,2601
SFE,41.052296,-73.546146,1,0,0,0,0,0,0,381,508,445,344,284,118,120,192,176,3,0,0,0,0,0,0,0,2572
ENF,41.997379,-72.573846,0,0,0,0,0,0,0,14,458,438,369,309,119,167,331,333,33,0,0,0,0,0,0,0,2571
XIE,42.058104,-70.183598,1,0,0,0,0,0,4,10,285,290,297,287,123,261,245,233,215,185,120,6,0,0,0,0,2562
WIS,41.854679,-72.653343,0,0,0,0,0,0,0,387,559,445,338,269,89,126,150,120,6,0,0,0,0,0,0,0,2489
IBC,41.117156,-73.407663,0,0,0,0,0,3,304,497,563,425,350,287,48,4,0,0,0,0,0,0,0,0,0,0,2481
HTD,41.783112,-72.746661,1,0,0,0,0,0,0,12,462,395,355,301,136,146,198,219,202,4,0,0,0,0,0,0,2431
VGB,41.865645,-72.684653,0,0,0,0,0,0,4,300,429,357,252,243,87,127,264,226,121,2,0,0,0,0,0,0,2412
DRN,41.083579,-73.463703,0,0,0,0,0,0,3,522,476,405,307,246,210,222,19,0,0,0,0,0,0,0,0,0,2410
VMR,42.186047,-71.203061,0,0,0,0,0,0,0,1,198,233,318,287,107,253,330,422,192,3,0,0,0,0,0,0,2344
ZT,42.216338,-71.041378,47,0,0,0,0,0,1,7,366,396,418,329,209,129,232,200,4,1,0,0,0,0,0,0,2339
XEG,41.729772,-70.199162,0,0,0,0,0,0,32,545,408,401,314,270,65,172,107,12,0,0,0,0,0,0,0,0,2326
XOI,42.776276,-71.068037,2,0,0,0,0,0,65,577,403,452,339,286,153,3,0,0,0,0,0,0,0,0,0,0,2280
VMY,42.065537,-71.328156,1,0,0,1,0,1,3,270,336,336,278,276,109,172,211,213,8,3,1,2,0,1,0,1,2223
ZU,42.705717,-71.214543,0,0,0,0,0,0,0,54,544,421,353,226,22,194,201,182,8,0,0,0,0,0,0,0,2205
VMO,41.98132,-71.329679,4,0,0,0,0,0,0,5,470,369,268,266,61,172,185,237,94,55,5,0,0,0,0,0,2191
MIF,41.217562,-73.063021,1,0,0,0,0,0,11,266,518,482,455,332,102,2,3,1,0,0,0,0,0,0,0,0,2173
CHL,42.599256,-71.350355,1,0,0,0,0,0,0,287,379,355,304,268,8,238,152,161,6,0,0,0,0,0,0,0,2159
HNV,42.156098,-70.852116,5,0,0,0,0,0,2,3,198,338,316,265,246,124,242,235,161,13,0,2,1,0,0,2,2153
EFE,41.349382,-72.104907,0,0,0,0,0,0,11,445,392,349,321,264,126,90,102,6,0,0,0,0,0,0,0,0,2106
QBE,42.344253,-71.114837,9,0,0,0,0,0,0,0,232,253,303,266,199,148,220,218,235,18,4,0,0,0,0,0,2105
LVW,41.372766,-73.273329,0,0,0,0,0,2,272,422,403,406,337,236,12,0,0,0,0,0,0,0,0,0,0,0,2090
YOB,41.735945,-71.115143,0,0,0,0,0,0,0,267,403,358,297,233,101,151,123,152,5,0,0,0,0,0,0,0,2090
FIT,42.603319,-71.8004,14,0,0,0,1,0,0,5,456,421,343,226,38,175,154,122,116,9,0,0,1,1,0,0,2082
NEF,41.302233,-72.930036,3,0,0,0,0,0,1,9,524,411,316,281,17,180,166,149,8,4,0,0,0,0,0,0,2069
YZS,41.928964,-70.657483,0,0,0,0,0,0,169,229,356,323,348,155,194,185,101,1,0,0,0,0,0,0,0,0,2061
XEU,41.166802,-73.14403,0,0,0,0,0,0,2,580,422,335,270,179,128,131,6,0,0,0,0,0,0,0,0,0,2053
HRW,41.709979,-70.062223,0,2,0,0,0,0,201,393,349,314,295,244,16,187,48,1,1,0,0,0,0,0,0,0,2051
LXT,41.756601,-72.886855,1,0,0,0,0,1,379,345,384,333,327,240,20,2,1,2,1,0,0,0,0,0,0,0,2036
VLV,42.417741,-71.157943,1,0,1,0,0,0,1,4,23,458,356,315,151,213,205,175,113,8,0,1,0,0,0,0,2025
BJO,42.182951,-71.20935,0,0,0,0,0,0,0,0,217,364,343,282,10,158,219,238,162,2,0,0,0,0,0,0,1995
YEZ,42.335556,-72.671667,2,6,1,0,0,0,0,75,152,259,297,248,157,164,191,194,186,32,0,0,0,0,0,0,1964
KMN,41.727939,-72.801295,0,0,0,0,0,0,1,256,277,263,259,269,44,199,217,146,9,1,0,0,0,0,0,0,1941
SMU,41.849485,-72.812921,1,0,0,0,0,0,9,444,381,325,228,189,6,124,107,101,1,0,0,0,0,0,0,0,1916
FRA,42.283533,-71.417208,6,0,0,0,0,0,0,131,304,281,301,267,130,147,183,141,2,1,0,0,0,0,0,0,1894
GOB,43.056128,-70.798956,0,8,5,0,0,0,21,302,313,285,261,239,44,169,173,26,2,0,0,0,0,0,0,1,1849
SGT,41.595862,-72.876268,2,0,0,0,0,0,8,539,448,370,254,214,4,3,3,1,1,0,0,0,0,0,0,0,1847
HRE,41.752649,-72.679733,3,1,0,0,0,0,0,8,383,318,293,202,107,105,147,129,137,6,0,0,0,0,0,0,1839
NDT,41.731338,-70.9432,1,0,0,0,0,0,0,15,372,332,303,279,36,191,183,98,6,0,0,0,0,0,0,0,1816
RXK,41.390104,-72.870811,0,0,0,0,0,0,0,1,356,382,308,245,39,181,156,134,14,0,0,0,0,0,0,0,1816
WLO,42.133319,-71.261853,3,0,0,0,0,0,1,15,492,351,306,258,89,188,101,1,1,0,0,0,0,0,0,0,1806
TKO,42.369339,-71.248432,1,0,0,0,0,0,0,2,341,277,305,255,122,179,172,144,4,0,0,0,0,0,0,0,1802
BT,42.089053,-70.98876,1,0,0,0,0,0,0,215,292,317,253,237,9,209,197,17,2,0,0,0,0,0,0,0,1749
PNS,41.702901,-70.074307,0,0,0,0,0,0,1,328,319,274,225,219,12,152,159,49,1,0,0,0,0,0,0,0,1739
GRT,41.365743,-72.023532,0,0,0,0,0,0,5,329,321,265,235,216,13,152,96,99,6,0,0,0,0,0,0,0,1737
IC8,42.276876,-71.413543,1,0,0,0,0,0,0,4,246,202,168,157,63,89,181,147,171,83,82,115,20,0,0,0,1729
WBU,41.560747,-73.064407,1,0,0,0,0,0,0,6,373,253,255,185,153,115,114,143,123,1,0,0,0,1,0,0,1723
LGW,42.337953,-71.105355,1,0,0,0,0,0,0,0,113,234,227,221,52,211,208,170,227,54,1,0,0,0,0,0,1719
IHP,42.787723,-71.202644,0,0,0,0,0,0,0,2,424,307,283,197,70,120,123,141,42,0,0,0,0,0,0,0,1709
FJO,41.227342,-73.243293,0,2,0,0,0,0,0,10,386,349,299,282,42,157,148,11,0,0,0,0,0,0,0,0,1686
WWT,41.701294,-71.47259,0,0,0,0,0,0,0,130,293,291,273,260,61,119,108,132,8,0,0,0,0,0,0,0,1675
FAO,41.562887,-70.611374,2,0,0,0,0,0,0,273,329,317,271,225,194,54,5,1,1,0,0,0,0,0,0,0,1672
CRJ,41.770538,-71.45462,0,1,0,0,0,0,0,239,316,283,264,220,20,174,128,13,0,0,0,1,0,0,0,0,1659
APW,42.266885,-71.796589,0,0,0,0,0,0,0,1,306,224,223,190,155,138,154,178,76,0,0,0,0,0,0,0,1645
MC7,42.273291,-71.794311,0,0,0,0,0,0,0,1,151,260,304,270,66,120,158,163,137,8,0,0,0,0,0,0,1638
WRA,42.050099,-71.34589,0,1,0,0,0,0,0,292,426,316,231,187,67,105,6,0,0,0,0,0,0,0,0,0,1631
KFW,41.720285,-72.587556,0,0,0,0,0,0,1,238,207,223,224,191,77,97,139,151,34,1,0,0,0,0,0,0,1583
WZU,42.265003,-71.818522,0,1,0,1,0,0,0,0,196,286,221,215,22,156,154,136,175,9,0,0,0,0,0,0,1572
MAU,42.375649,-71.144515,1,0,0,0,0,0,0,1,141,262,265,278,66,255,232,50,9,1,0,0,0,0,0,0,1561
HC1,41.670201,-72.875758,0,0,0,0,0,0,1,303,260,220,219,171,9,144,112,106,5,0,0,0,0,0,0,0,1550
BRF,41.281664,-72.811545,1,0,0,0,0,0,0,31,515,425,331,224,22,0,0,0,0,0,0,0,0,0,0,0,1549
QEA,41.868055,-71.387888,0,0,0,0,0,0,0,0,153,293,258,202,100,107,152,132,128,10,0,0,0,0,0,0,1535
QWH,41.756749,-70.713575,0,0,2,0,1,0,0,177,280,238,206,210,90,113,196,15,1,2,0,0,0,0,0,0,1531
NEI,41.307257,-72.94271,3,0,0,0,0,0,1,4,302,253,258,248,26,171,206,18,1,0,0,0,0,0,0,0,1491
MLS,42.461089,-71.069503,1,0,0,0,0,0,0,6,295,262,229,102,117,150,140,160,23,0,0,0,0,0,0,0,1485
XHI,42.450085,-73.245382,0,0,0,0,0,0,1,24,154,203,198,176,110,189,208,150,37,0,0,0,0,0,0,0,1450
VMK,42.708773,-71.16396,0,0,0,0,0,0,0,0,128,243,239,221,92,118,145,140,111,5,0,0,0,0,0,0,1442
KC3,41.90397,-71.023359,0,0,0,0,0,0,0,110,234,238,218,196,20,123,126,95,52,0,0,0,0,0,0,0,1412
QBM,41.371189,-71.954888,0,0,0,0,0,0,7,271,227,227,196,143,45,94,107,91,3,0,0,0,0,0,0,0,1411
QLO,42.630513,-71.279997,0,0,0,0,0,0,0,21,267,207,177,166,116,7,122,152,142,28,0,0,0,0,0,0,1405
MC3,42.277137,-71.794467,1,0,0,0,0,0,0,10,174,182,224,207,39,152,163,131,89,5,0,0,0,0,0,0,1377
QSP,42.121256,-72.605629,0,0,0,0,0,1,0,17,160,176,192,182,93,136,164,161,51,0,0,0,0,0,0,0,1333
LC6,42.558158,-71.137418,1,0,0,0,0,0,0,1,71,160,244,224,106,125,191,111,77,3,0,0,0,0,0,0,1314
BKL,42.344606,-71.111037,21,0,0,0,0,0,0,87,150,140,162,156,159,128,105,157,8,2,0,0,0,0,0,0,1275
PVG,41.848318,-71.457723,0,0,0,0,0,0,0,288,250,254,188,131,57,76,1,0,0,0,0,0,0,0,0,0,1245
HC9,42.426817,-71.692753,116,6,1,0,0,0,0,167,103,180,155,143,82,41,59,47,56,2,0,0,0,0,0,0,1158
QGQ,41.406132,-73.446357,6,1,0,0,0,0,0,0,223,200,160,137,11,106,85,98,100,8,0,0,0,0,0,0,1135
JC5,42.335861,-71.541163,0,0,0,0,0,0,0,0,144,154,143,116,34,110,168,129,113,7,0,0,0,0,0,0,1118
DS,42.552464,-70.944455,0,0,0,0,0,0,0,0,193,186,163,157,24,134,121,126,7,0,0,0,0,0,0,0,1111
BLL,42.579349,-71.287498,0,0,0,0,0,0,0,32,304,185,163,112,17,125,84,74,0,0,0,0,0,0,0,0,1096
HYE,42.252622,-71.118987,0,0,0,0,0,0,0,0,73,126,140,169,80,115,182,131,53,25,0,0,0,0,0,0,1094
EEX,41.349499,-72.397331,0,0,0,0,0,0,0,179,252,259,176,158,36,0,1,1,0,0,0,0,0,0,0,0,1062
MC5,42.286441,-71.790648,0,0,0,0,0,0,2,137,112,98,158,141,54,77,88,108,63,2,0,0,0,0,0,0,1040
JC2,42.525128,-71.75919,93,0,0,0,0,1,1,8,103,199,137,89,34,67,74,83,124,16,0,0,0,1,0,0,1030
JC1,42.348903,-71.856294,0,0,0,0,0,0,2,184,147,148,133,122,14,59,60,66,2,0,0,0,0,0,0,0,937
NC2,41.97919,-71.448356,1,0,0,0,0,0,0,128,135,147,127,129,44,43,77,76,8,0,0,0,0,0,0,0,915
MC2,42.249158,-71.793365,0,0,0,0,0,0,0,1,65,129,146,143,85,80,74,89,90,3,0,0,0,0,0,0,905
ZBL,41.443635,-71.490032,0,0,0,1,0,0,0,60,209,205,145,147,31,37,36,13,1,0,0,0,0,0,0,0,885
YED,43.530443,-71.439512,1,0,0,0,0,1,30,195,188,170,170,14,0,0,1,0,0,0,0,0,0,0,0,0,770
SSF,42.579409,-71.786771,3,0,5,4,0,0,0,105,138,147,129,68,39,39,41,37,2,0,0,0,0,0,0,0,757
USL,42.321152,-71.633242,4,0,0,0,0,0,1,3,131,97,141,109,28,37,69,71,61,1,0,0,0,0,0,0,753
JC6,42.366256,-71.559306,2,0,0,0,1,0,0,2,139,133,95,73,14,71,79,69,62,1,0,0,1,0,0,0,742
ZBO,41.672292,-72.945911,1,0,0,0,0,0,0,2,159,132,116,96,4,57,44,34,24,0,0,0,0,0,0,0,669
MC6,42.271514,-71.769819,1,0,0,0,0,0,12,98,102,103,82,70,45,37,44,11,0,0,0,0,0,0,0,0,605
QFO,42.330905,-72.671122,23,1,2,2,1,3,13,18,53,70,119,115,74,64,18,1,5,4,0,0,0,0,0,0,586
BIL,42.144485,-71.548277,10,0,0,0,0,0,1,103,117,113,83,51,17,15,30,39,2,0,0,0,0,0,0,0,581
YEE,42.913083,-72.266444,1,0,0,0,0,0,0,2,165,112,76,73,11,70,59,5,2,0,0,0,0,0,0,0,576
FRG,42.295134,-71.408593,0,0,0,0,0,0,2,40,72,56,56,49,2,46,45,39,2,0,0,0,0,1,0,0,410
NHV,41.315924,-72.87248,1,0,0,0,0,0,0,10,140,114,105,29,1,1,0,0,0,0,0,0,0,0,0,0,401
JC8,42.137454,-71.532986,0,0,0,0,0,0,0,8,46,43,50,25,15,25,38,44,35,1,0,0,0,0,0,0,330
LNC,42.455645,-71.673124,1,0,0,0,0,0,0,2,59,31,26,19,4,17,24,20,19,2,1,0,0,0,0,0,225
LC5,42.272508,-71.611266,0,0,0,0,0,0,0,0,20,21,34,26,10,23,16,22,19,0,0,0,0,0,0,0,191
KC5,42.295961,-71.712757,1,0,0,0,0,0,0,4,39,24,26,21,5,14,19,17,10,0,0,0,0,0,0,0,180
LC3,42.378974,-71.785972,0,0,0,0,0,0,0,0,36,23,25,23,4,22,6,20,14,1,0,0,0,0,0,0,174
LC4,42.28414,-71.60022,0,0,0,0,0,0,0,9,17,31,24,21,6,7,14,7,8,0,0,0,0,0,0,0,144
IC9,42.219901,-71.696297,1,0,0,0,0,0,0,2,40,23,16,16,3,6,9,9,17,0,0,0,0,0,0,0,142
KC8,42.253319,-71.969938,0,0,0,0,0,0,0,1,26,17,26,21,0,14,11,13,13,0,0,0,0,0,0,0,142
KC4,42.292439,-71.704693,0,0,0,0,0,0,0,0,23,20,23,11,1,18,4,17,9,0,0,0,0,0,0,0,126
LC9,42.288913,-71.807274,73,0,0,0,0,0,0,0,3,4,0,0,1,1,5,2,1,0,0,0,0,0,0,0,90
MC8,42.271847,-71.794548,0,0,0,0,0,0,0,1,7,9,9,12,9,9,8,7,0,0,0,0,0,0,0,0,71
MJG,42.276191,-71.799801,0,0,0,0,0,0,0,0,9,6,12,7,4,3,7,2,3,0,0,0,0,0,0,0,53
HC4,42.198787,-71.821066,0,0,0,0,0,0,0,0,5,9,5,7,2,3,6,10,3,2,0,0,0,0,0,0,52
QJH,41.827402,-71.501492,31,0,0,0,0,0,0,0,0,1,0,0,0,0,0,0,0,0,0,0,0,0,0,0,32
QTD,42.901728,-71.31919,19,0,0,0,0,0,0,0,0,0,0,0,0,1,0,0,0,0,0,0,0,0,0,0,20
SRD,41.166802,-73.14403,0,0,0,0,0,0,0,0,0,0,0,0,0,4,4,0,0,0,0,0,0,0,0,0,8
OC4,42.286446,-71.043946,0,0,0,0,0,0,0,0,0,0,0,0,0,2,3,0,0,0,0,0,0,0,0,0,5
YNN,41.928659,-70.015735,0,0,0,0,0,0,0,0,0,0,0,0,0,1,0,0,3,0,0,0,0,0,0,0,4
TFS,42.588236,-72.573576,3,0,0,0,0,0,0,0,0,0,0,0,0,0,0,0,0,0,0,0,0,0,0,0,3
QHY,41.652491,-70.288112,0,0,0,0,0,0,0,2,0,0,0,0,0,0,0,0,0,0,0,0,0,0,0,0,2
IC3,42.069378,-71.719844,0,0,0,0,0,0,0,0,0,1,0,0,0,0,0,0,0,0,0,0,0,0,0,0,1
KC9,42.158173,-71.733658,0,0,0,0,0,0,0,0,0,0,0,0,0,1,0,0,0,0,0,0,0,0,0,0,1
